Title,Description,Link,Media URL,Pinterest board,Publish date
Free 17 Addition Math Worksheet For Grade 5 | Printable Practice,Printable Addition worksheet designed for Grade 5 students. Easy and fun math practice.,https://mathworksheetbase.github.io/html/free-17-addition-math-worksheet-for-grade-5-8942.html,https://mathworksheetbase.github.io/images/free-17-addition-math-worksheet-for-grade-5-8942.jpg,Printable Worksheets,03/17/2026 08:23:00 AM
Fun Count and Color Objects Worksheet for Grade 1,Teachers and parents love this Count and Color worksheet for Grade 1. Download and print instantly.,https://mathworksheetbase.github.io/html/fun-count-and-color-objects-worksheet-for-grade-1-1575.html,https://mathworksheetbase.github.io/images/fun-count-and-color-objects-worksheet-for-grade-1-1575.jpg,Homeschool Math,03/17/2026 11:01:00 AM
Kindergarten Count The Objects Worksheet - Part 3 | Printable Practice,Fun and engaging Counting Objects worksheet for Kindergarten. Perfect printable math practice.,https://mathworksheetbase.github.io/html/kindergarten-count-the-objects-worksheet-part-3-2767.html,https://mathworksheetbase.github.io/images/kindergarten-count-the-objects-worksheet-part-3-2767.jpg,Kids Math Worksheets,03/17/2026 01:30:00 PM
Printable Free 21 Division Math Worksheet For Grade 2 - Part 4 | Printable Practice,Help kids master Division with this printable worksheet for Grade 2. Great for daily math practice.,https://mathworksheetbase.github.io/html/printable-free-21-division-math-worksheet-for-grade-2-part-4-9892.html,https://mathworksheetbase.github.io/images/printable-free-21-division-math-worksheet-for-grade-2-part-4-9892.jpg,Printable Worksheets,03/17/2026 04:35:00 PM
4 Mathematics Practice Practice Worksheet,Printable Math worksheet designed for Math students. Easy and fun math practice.,https://mathworksheetbase.github.io/html/4-mathematics-practice-practice-worksheet-1213.html,https://mathworksheetbase.github.io/images/4-mathematics-practice-practice-worksheet-1213.jpg,Math Practice Printables,03/17/2026 08:35:00 PM
Missing Number Math Worksheet,Free printable Missing Number worksheet for Grade 1. Perfect for homeschool practice and classroom activities.,https://mathworksheetbase.github.io/html/missing-number-math-worksheet-8158.html,https://mathworksheetbase.github.io/images/missing-number-math-worksheet-8158.jpg,Elementary Math Activities,03/18/2026 08:37:00 AM
Mixed Operations Math Worksheet,Fun and engaging Mixed Operations worksheet for Grade 3. Perfect printable math practice.,https://mathworksheetbase.github.io/html/mixed-operations-math-worksheet-4017.html,https://mathworksheetbase.github.io/images/mixed-operations-math-worksheet-4017.jpg,Elementary Math Activities,03/18/2026 11:00:00 AM
Free 28 Multiplication Math Worksheet For Grade 2 - Part 8 | Printable Practice,Help kids master Multiplication with this printable worksheet for Grade 2. Great for daily math practice.,https://mathworksheetbase.github.io/html/free-28-multiplication-math-worksheet-for-grade-2-part-8-2738.html,https://mathworksheetbase.github.io/images/free-28-multiplication-math-worksheet-for-grade-2-part-8-2738.jpg,Elementary Math Activities,03/18/2026 01:32:00 PM
Free 22 Subtraction Math Worksheet For Grade 3 With Answers - Part 9 | Printable Practice,Help kids master Subtraction with this printable worksheet for Grade 3. Great for daily math practice.,https://mathworksheetbase.github.io/html/free-22-subtraction-math-worksheet-for-grade-3-with-answers-part-9-6335.html,https://mathworksheetbase.github.io/images/free-22-subtraction-math-worksheet-for-grade-3-with-answers-part-9-6335.jpg,Homeschool Math,03/18/2026 04:22:00 PM
Printable 10 Times Table Worksheet For Grade 3 - Part 10 | Printable Practice,Free printable Times Table worksheet for Grade 3. Perfect for homeschool practice and classroom activities.,https://mathworksheetbase.github.io/html/printable-10-times-table-worksheet-for-grade-3-part-10-6981.html,https://mathworksheetbase.github.io/images/printable-10-times-table-worksheet-for-grade-3-part-10-6981.jpg,Elementary Math Activities,03/18/2026 08:38:00 PM
Printable Tracing Worksheet For Kids - Part 11 | Free Printable,Fun and engaging Tracing worksheet for Preschool. Perfect printable math practice.,https://mathworksheetbase.github.io/html/printable-tracing-worksheet-for-kids-part-11-4339.html,https://mathworksheetbase.github.io/images/printable-tracing-worksheet-for-kids-part-11-4339.jpg,Elementary Math Activities,03/19/2026 08:38:00 AM
Math Word Problem Worksheet,Teachers and parents love this Word Problem worksheet for Grade 3. Download and print instantly.,https://mathworksheetbase.github.io/html/math-word-problem-worksheet-7887.html,https://mathworksheetbase.github.io/images/math-word-problem-worksheet-7887.jpg,Kids Math Worksheets,03/19/2026 11:00:00 AM
Grade 5 Addition Practice Worksheet (30 Problems) - Part 13 | Printable Practice,Printable Addition worksheet designed for Grade 5 students. Easy and fun math practice.,https://mathworksheetbase.github.io/html/grade-5-addition-practice-worksheet-30-problems-part-13-3081.html,https://mathworksheetbase.github.io/images/grade-5-addition-practice-worksheet-30-problems-part-13-3081.jpg,Elementary Math Activities,03/19/2026 01:31:00 PM
5 Free Count and Color Worksheets for Kindergarten,Fun and engaging Count and Color worksheet for Kindergarten. Perfect printable math practice.,https://mathworksheetbase.github.io/html/5-free-count-and-color-worksheets-for-kindergarten-4316.html,https://mathworksheetbase.github.io/images/5-free-count-and-color-worksheets-for-kindergarten-4316.jpg,Kids Math Worksheets,03/19/2026 04:36:00 PM
Free Counting Objects Worksheet For Kindergarten Printable - Part 15 | Printable Practice,Free printable Counting Objects worksheet for Kindergarten. Perfect for homeschool practice and classroom activities.,https://mathworksheetbase.github.io/html/free-counting-objects-worksheet-for-kindergarten-printable-part-15-9045.html,https://mathworksheetbase.github.io/images/free-counting-objects-worksheet-for-kindergarten-printable-part-15-9045.jpg,Math Practice Printables,03/19/2026 08:32:00 PM
Grade 2 Division Practice Worksheet (28 Problems) - Part 16 | Printable Practice,Printable Division worksheet designed for Grade 2 students. Easy and fun math practice.,https://mathworksheetbase.github.io/html/grade-2-division-practice-worksheet-28-problems-part-16-5473.html,https://mathworksheetbase.github.io/images/grade-2-division-practice-worksheet-28-problems-part-16-5473.jpg,Elementary Math Activities,03/20/2026 08:27:00 AM
Interactive Mathematics Quiz for Students (4 Questions),Teachers and parents love this Math worksheet for Math. Download and print instantly.,https://mathworksheetbase.github.io/html/interactive-mathematics-quiz-for-students-4-questions-5781.html,https://mathworksheetbase.github.io/images/interactive-mathematics-quiz-for-students-4-questions-5781.jpg,Homeschool Math,03/20/2026 11:00:00 AM
Missing Number Math Worksheet,Printable Missing Number worksheet designed for Grade 1 students. Easy and fun math practice.,https://mathworksheetbase.github.io/html/missing-number-math-worksheet-8003.html,https://mathworksheetbase.github.io/images/missing-number-math-worksheet-8003.jpg,Homeschool Math,03/20/2026 01:35:00 PM
Mixed Operations Math Worksheet,Printable Mixed Operations worksheet designed for Grade 3 students. Easy and fun math practice.,https://mathworksheetbase.github.io/html/mixed-operations-math-worksheet-6161.html,https://mathworksheetbase.github.io/images/mixed-operations-math-worksheet-6161.jpg,Math Practice Printables,03/20/2026 04:38:00 PM
Free 27 Multiplication Math Worksheet For Grade 1 With Answers - Part 20 | Printable Practice,Teachers and parents love this Multiplication worksheet for Grade 1. Download and print instantly.,https://mathworksheetbase.github.io/html/free-27-multiplication-math-worksheet-for-grade-1-with-answers-part-20-1274.html,https://mathworksheetbase.github.io/images/free-27-multiplication-math-worksheet-for-grade-1-with-answers-part-20-1274.jpg,Math Practice Printables,03/20/2026 08:30:00 PM
Printable Free 12 Subtraction Math Worksheet For Grade 2 - Part 21 | Printable Practice,Fun and engaging Subtraction worksheet for Grade 2. Perfect printable math practice.,https://mathworksheetbase.github.io/html/printable-free-12-subtraction-math-worksheet-for-grade-2-part-21-7578.html,https://mathworksheetbase.github.io/images/printable-free-12-subtraction-math-worksheet-for-grade-2-part-21-7578.jpg,Elementary Math Activities,03/21/2026 08:25:00 AM
12 Times Table Worksheet For Grade 4 - Part 22 | Printable Practice,Help kids master Times Table with this printable worksheet for Grade 4. Great for daily math practice.,https://mathworksheetbase.github.io/html/12-times-table-worksheet-for-grade-4-part-22-5684.html,https://mathworksheetbase.github.io/images/12-times-table-worksheet-for-grade-4-part-22-5684.jpg,Math Practice Printables,03/21/2026 11:08:00 AM
Printable Tracing Worksheet For Kids - Part 23 | Free Printable,Printable Tracing worksheet designed for Preschool students. Easy and fun math practice.,https://mathworksheetbase.github.io/html/printable-tracing-worksheet-for-kids-part-23-4594.html,https://mathworksheetbase.github.io/images/printable-tracing-worksheet-for-kids-part-23-4594.jpg,Elementary Math Activities,03/21/2026 01:32:00 PM
Math Word Problem Worksheet,Help kids master Word Problem with this printable worksheet for Grade 3. Great for daily math practice.,https://mathworksheetbase.github.io/html/math-word-problem-worksheet-4420.html,https://mathworksheetbase.github.io/images/math-word-problem-worksheet-4420.jpg,Printable Worksheets,03/21/2026 04:29:00 PM
Grade 1 Addition Practice Worksheet (28 Problems) - Part 25 | Printable Practice,Teachers and parents love this Addition worksheet for Grade 1. Download and print instantly.,https://mathworksheetbase.github.io/html/grade-1-addition-practice-worksheet-28-problems-part-25-1870.html,https://mathworksheetbase.github.io/images/grade-1-addition-practice-worksheet-28-problems-part-25-1870.jpg,Printable Worksheets,03/21/2026 08:26:00 PM
Free Preschool Count and Color Worksheet,Printable Count and Color worksheet designed for Preschool students. Easy and fun math practice.,https://mathworksheetbase.github.io/html/free-preschool-count-and-color-worksheet-9671.html,https://mathworksheetbase.github.io/images/free-preschool-count-and-color-worksheet-9671.jpg,Kids Math Worksheets,03/22/2026 08:31:00 AM
Free Counting Objects Worksheet For Pre-K Printable - Part 27 | Printable Practice,Free printable Counting Objects worksheet for Pre-K. Perfect for homeschool practice and classroom activities.,https://mathworksheetbase.github.io/html/free-counting-objects-worksheet-for-pre-k-printable-part-27-8040.html,https://mathworksheetbase.github.io/images/free-counting-objects-worksheet-for-pre-k-printable-part-27-8040.jpg,Printable Worksheets,03/22/2026 11:01:00 AM
Printable Free 27 Division Math Worksheet For Grade 2 - Part 28 | Printable Practice,Fun and engaging Division worksheet for Grade 2. Perfect printable math practice.,https://mathworksheetbase.github.io/html/printable-free-27-division-math-worksheet-for-grade-2-part-28-7506.html,https://mathworksheetbase.github.io/images/printable-free-27-division-math-worksheet-for-grade-2-part-28-7506.jpg,Homeschool Math,03/22/2026 01:37:00 PM
7 General Math Quiz for Teens,Fun and engaging Math worksheet for Math. Perfect printable math practice.,https://mathworksheetbase.github.io/html/7-general-math-quiz-for-teens-9012.html,https://mathworksheetbase.github.io/images/7-general-math-quiz-for-teens-9012.jpg,Printable Worksheets,03/22/2026 04:35:00 PM
Missing Number Math Worksheet,Free printable Missing Number worksheet for Grade 1. Perfect for homeschool practice and classroom activities.,https://mathworksheetbase.github.io/html/missing-number-math-worksheet-2993.html,https://mathworksheetbase.github.io/images/missing-number-math-worksheet-2993.jpg,Homeschool Math,03/22/2026 08:25:00 PM
Mixed Operations Math Worksheet,Fun and engaging Mixed Operations worksheet for Grade 3. Perfect printable math practice.,https://mathworksheetbase.github.io/html/mixed-operations-math-worksheet-7220.html,https://mathworksheetbase.github.io/images/mixed-operations-math-worksheet-7220.jpg,Kids Math Worksheets,03/23/2026 08:25:00 AM
Grade 2 Multiplication Practice Worksheet (16 Problems) - Part 32 | Printable Practice,Printable Multiplication worksheet designed for Grade 2 students. Easy and fun math practice.,https://mathworksheetbase.github.io/html/grade-2-multiplication-practice-worksheet-16-problems-part-32-9077.html,https://mathworksheetbase.github.io/images/grade-2-multiplication-practice-worksheet-16-problems-part-32-9077.jpg,Math Practice Printables,03/23/2026 11:00:00 AM
Printable Free 26 Subtraction Math Worksheet For Grade 3 - Part 33 | Printable Practice,Help kids master Subtraction with this printable worksheet for Grade 3. Great for daily math practice.,https://mathworksheetbase.github.io/html/printable-free-26-subtraction-math-worksheet-for-grade-3-part-33-8997.html,https://mathworksheetbase.github.io/images/printable-free-26-subtraction-math-worksheet-for-grade-3-part-33-8997.jpg,Printable Worksheets,03/23/2026 01:34:00 PM
7 Times Table Worksheet For Grade 3 - Part 34 | Printable Practice,Fun and engaging Times Table worksheet for Grade 3. Perfect printable math practice.,https://mathworksheetbase.github.io/html/7-times-table-worksheet-for-grade-3-part-34-3513.html,https://mathworksheetbase.github.io/images/7-times-table-worksheet-for-grade-3-part-34-3513.jpg,Math Practice Printables,03/23/2026 04:37:00 PM
Printable Tracing Worksheet For Kids - Part 35 | Free Printable,Teachers and parents love this Tracing worksheet for Preschool. Download and print instantly.,https://mathworksheetbase.github.io/html/printable-tracing-worksheet-for-kids-part-35-3820.html,https://mathworksheetbase.github.io/images/printable-tracing-worksheet-for-kids-part-35-3820.jpg,Printable Worksheets,03/23/2026 08:32:00 PM
Math Word Problem Worksheet,Fun and engaging Word Problem worksheet for Grade 3. Perfect printable math practice.,https://mathworksheetbase.github.io/html/math-word-problem-worksheet-8040.html,https://mathworksheetbase.github.io/images/math-word-problem-worksheet-8040.jpg,Printable Worksheets,03/24/2026 08:34:00 AM
Free 13 Addition Math Worksheet For Grade 5 - Part 37 | Printable Practice,Help kids master Addition with this printable worksheet for Grade 5. Great for daily math practice.,https://mathworksheetbase.github.io/html/free-13-addition-math-worksheet-for-grade-5-part-37-7497.html,https://mathworksheetbase.github.io/images/free-13-addition-math-worksheet-for-grade-5-part-37-7497.jpg,Math Practice Printables,03/24/2026 11:04:00 AM
Printable Count and Color Worksheet for Preschool Kids,Teachers and parents love this Count and Color worksheet for Preschool. Download and print instantly.,https://mathworksheetbase.github.io/html/printable-count-and-color-worksheet-for-preschool-kids-7320.html,https://mathworksheetbase.github.io/images/printable-count-and-color-worksheet-for-preschool-kids-7320.jpg,Homeschool Math,03/24/2026 01:38:00 PM
Free Counting Objects Worksheet For Pre-K Printable - Part 39 | Printable Practice,Fun and engaging Counting Objects worksheet for Pre-K. Perfect printable math practice.,https://mathworksheetbase.github.io/html/free-counting-objects-worksheet-for-pre-k-printable-part-39-8967.html,https://mathworksheetbase.github.io/images/free-counting-objects-worksheet-for-pre-k-printable-part-39-8967.jpg,Printable Worksheets,03/24/2026 04:23:00 PM
Free 23 Division Math Worksheet For Grade 1 - Part 40 | Printable Practice,Printable Division worksheet designed for Grade 1 students. Easy and fun math practice.,https://mathworksheetbase.github.io/html/free-23-division-math-worksheet-for-grade-1-part-40-1452.html,https://mathworksheetbase.github.io/images/free-23-division-math-worksheet-for-grade-1-part-40-1452.jpg,Printable Worksheets,03/24/2026 08:34:00 PM
Complete Mathematics Problem Set Worksheet,Teachers and parents love this Math worksheet for Math. Download and print instantly.,https://mathworksheetbase.github.io/html/complete-mathematics-problem-set-worksheet-4984.html,https://mathworksheetbase.github.io/images/complete-mathematics-problem-set-worksheet-4984.jpg,Printable Worksheets,03/25/2026 08:27:00 AM
Missing Number Math Worksheet,Printable Missing Number worksheet designed for Grade 1 students. Easy and fun math practice.,https://mathworksheetbase.github.io/html/missing-number-math-worksheet-8518.html,https://mathworksheetbase.github.io/images/missing-number-math-worksheet-8518.jpg,Math Practice Printables,03/25/2026 11:01:00 AM
Mixed Operations Math Worksheet,Free printable Mixed Operations worksheet for Grade 3. Perfect for homeschool practice and classroom activities.,https://mathworksheetbase.github.io/html/mixed-operations-math-worksheet-7413.html,https://mathworksheetbase.github.io/images/mixed-operations-math-worksheet-7413.jpg,Kids Math Worksheets,03/25/2026 01:38:00 PM
Free 12 Multiplication Math Worksheet For Grade 1 - Part 44 | Printable Practice,Printable Multiplication worksheet designed for Grade 1 students. Easy and fun math practice.,https://mathworksheetbase.github.io/html/free-12-multiplication-math-worksheet-for-grade-1-part-44-6127.html,https://mathworksheetbase.github.io/images/free-12-multiplication-math-worksheet-for-grade-1-part-44-6127.jpg,Math Practice Printables,03/25/2026 04:31:00 PM
Free 23 Subtraction Math Worksheet For Grade 5 With Answers - Part 45 | Printable Practice,Teachers and parents love this Subtraction worksheet for Grade 5. Download and print instantly.,https://mathworksheetbase.github.io/html/free-23-subtraction-math-worksheet-for-grade-5-with-answers-part-45-1232.html,https://mathworksheetbase.github.io/images/free-23-subtraction-math-worksheet-for-grade-5-with-answers-part-45-1232.jpg,Elementary Math Activities,03/25/2026 08:38:00 PM
Grade 2 Multiplication Table 5 Practice - Part 46 | Printable Practice,Help kids master Times Table with this printable worksheet for Grade 2. Great for daily math practice.,https://mathworksheetbase.github.io/html/grade-2-multiplication-table-5-practice-part-46-9015.html,https://mathworksheetbase.github.io/images/grade-2-multiplication-table-5-practice-part-46-9015.jpg,Elementary Math Activities,03/26/2026 08:34:00 AM
Printable Tracing Worksheet For Kids - Part 47 | Free Printable,Free printable Tracing worksheet for Kindergarten. Perfect for homeschool practice and classroom activities.,https://mathworksheetbase.github.io/html/printable-tracing-worksheet-for-kids-part-47-3807.html,https://mathworksheetbase.github.io/images/printable-tracing-worksheet-for-kids-part-47-3807.jpg,Kids Math Worksheets,03/26/2026 11:08:00 AM
Math Word Problem Worksheet,Teachers and parents love this Word Problem worksheet for Grade 3. Download and print instantly.,https://mathworksheetbase.github.io/html/math-word-problem-worksheet-1372.html,https://mathworksheetbase.github.io/images/math-word-problem-worksheet-1372.jpg,Kids Math Worksheets,03/26/2026 01:29:00 PM
Free 20 Addition Math Worksheet For Grade 5 With Answers - Part 49 | Printable Practice,Help kids master Addition with this printable worksheet for Grade 5. Great for daily math practice.,https://mathworksheetbase.github.io/html/free-20-addition-math-worksheet-for-grade-5-with-answers-part-49-6174.html,https://mathworksheetbase.github.io/images/free-20-addition-math-worksheet-for-grade-5-with-answers-part-49-6174.jpg,Printable Worksheets,03/26/2026 04:25:00 PM
Fun Count and Color Objects Worksheet for Preschool,Fun and engaging Count and Color worksheet for Preschool. Perfect printable math practice.,https://mathworksheetbase.github.io/html/fun-count-and-color-objects-worksheet-for-preschool-5265.html,https://mathworksheetbase.github.io/images/fun-count-and-color-objects-worksheet-for-preschool-5265.jpg,Math Practice Printables,03/26/2026 08:30:00 PM
Pre-K Count The Objects Worksheet - Part 51 | Printable Practice,Help kids master Counting Objects with this printable worksheet for Pre-K. Great for daily math practice.,https://mathworksheetbase.github.io/html/pre-k-count-the-objects-worksheet-part-51-3143.html,https://mathworksheetbase.github.io/images/pre-k-count-the-objects-worksheet-part-51-3143.jpg,Elementary Math Activities,03/27/2026 08:32:00 AM
Free 18 Division Math Worksheet For Grade 1 - Part 52 | Printable Practice,Free printable Division worksheet for Grade 1. Perfect for homeschool practice and classroom activities.,https://mathworksheetbase.github.io/html/free-18-division-math-worksheet-for-grade-1-part-52-3692.html,https://mathworksheetbase.github.io/images/free-18-division-math-worksheet-for-grade-1-part-52-3692.jpg,Kids Math Worksheets,03/27/2026 11:00:00 AM
4 Math Challenge Printable Worksheet,Help kids master Math with this printable worksheet for Math. Great for daily math practice.,https://mathworksheetbase.github.io/html/4-math-challenge-printable-worksheet-6496.html,https://mathworksheetbase.github.io/images/4-math-challenge-printable-worksheet-6496.jpg,Elementary Math Activities,03/27/2026 01:23:00 PM
Missing Number Math Worksheet,Fun and engaging Missing Number worksheet for Grade 1. Perfect printable math practice.,https://mathworksheetbase.github.io/html/missing-number-math-worksheet-8816.html,https://mathworksheetbase.github.io/images/missing-number-math-worksheet-8816.jpg,Printable Worksheets,03/27/2026 04:24:00 PM
Mixed Operations Math Worksheet,Help kids master Mixed Operations with this printable worksheet for Grade 3. Great for daily math practice.,https://mathworksheetbase.github.io/html/mixed-operations-math-worksheet-4926.html,https://mathworksheetbase.github.io/images/mixed-operations-math-worksheet-4926.jpg,Math Practice Printables,03/27/2026 08:26:00 PM
Grade 1 Multiplication Practice Worksheet (10 Problems) - Part 56 | Printable Practice,Fun and engaging Multiplication worksheet for Grade 1. Perfect printable math practice.,https://mathworksheetbase.github.io/html/grade-1-multiplication-practice-worksheet-10-problems-part-56-6580.html,https://mathworksheetbase.github.io/images/grade-1-multiplication-practice-worksheet-10-problems-part-56-6580.jpg,Kids Math Worksheets,03/28/2026 08:27:00 AM
Free 10 Subtraction Math Worksheet For Grade 2 - Part 57 | Printable Practice,Printable Subtraction worksheet designed for Grade 2 students. Easy and fun math practice.,https://mathworksheetbase.github.io/html/free-10-subtraction-math-worksheet-for-grade-2-part-57-8518.html,https://mathworksheetbase.github.io/images/free-10-subtraction-math-worksheet-for-grade-2-part-57-8518.jpg,Elementary Math Activities,03/28/2026 11:00:00 AM
Printable 9 Times Table Worksheet For Grade 3 - Part 58 | Printable Practice,Free printable Times Table worksheet for Grade 3. Perfect for homeschool practice and classroom activities.,https://mathworksheetbase.github.io/html/printable-9-times-table-worksheet-for-grade-3-part-58-2835.html,https://mathworksheetbase.github.io/images/printable-9-times-table-worksheet-for-grade-3-part-58-2835.jpg,Elementary Math Activities,03/28/2026 01:27:00 PM
Printable Tracing Worksheet For Kids - Part 59 | Free Printable,Fun and engaging Tracing worksheet for Preschool. Perfect printable math practice.,https://mathworksheetbase.github.io/html/printable-tracing-worksheet-for-kids-part-59-4844.html,https://mathworksheetbase.github.io/images/printable-tracing-worksheet-for-kids-part-59-4844.jpg,Homeschool Math,03/28/2026 04:36:00 PM
Math Word Problem Worksheet,Teachers and parents love this Word Problem worksheet for Grade 3. Download and print instantly.,https://mathworksheetbase.github.io/html/math-word-problem-worksheet-6155.html,https://mathworksheetbase.github.io/images/math-word-problem-worksheet-6155.jpg,Math Practice Printables,03/28/2026 08:23:00 PM
Grade 5 Addition Practice Worksheet (25 Problems) - Part 61 | Printable Practice,Printable Addition worksheet designed for Grade 5 students. Easy and fun math practice.,https://mathworksheetbase.github.io/html/grade-5-addition-practice-worksheet-25-problems-part-61-5522.html,https://mathworksheetbase.github.io/images/grade-5-addition-practice-worksheet-25-problems-part-61-5522.jpg,Math Practice Printables,03/29/2026 08:30:00 AM
"Count and Color Square, Apple, Flower Worksheet for Kids",Printable Count and Color worksheet designed for Grade 1 students. Easy and fun math practice.,https://mathworksheetbase.github.io/html/count-and-color-square-apple-flower-worksheet-for-kids-4255.html,https://mathworksheetbase.github.io/images/count-and-color-square-apple-flower-worksheet-for-kids-4255.jpg,Math Practice Printables,03/29/2026 11:01:00 AM
Free Counting Objects Worksheet For Kindergarten - Part 63 | Printable Practice,Help kids master Counting Objects with this printable worksheet for Kindergarten. Great for daily math practice.,https://mathworksheetbase.github.io/html/free-counting-objects-worksheet-for-kindergarten-part-63-8706.html,https://mathworksheetbase.github.io/images/free-counting-objects-worksheet-for-kindergarten-part-63-8706.jpg,Math Practice Printables,03/29/2026 01:22:00 PM
Free 18 Division Math Worksheet For Grade 2 - Part 64 | Printable Practice,Help kids master Division with this printable worksheet for Grade 2. Great for daily math practice.,https://mathworksheetbase.github.io/html/free-18-division-math-worksheet-for-grade-2-part-64-4878.html,https://mathworksheetbase.github.io/images/free-18-division-math-worksheet-for-grade-2-part-64-4878.jpg,Homeschool Math,03/29/2026 04:29:00 PM
Complete Math Skill Test for Students (8 Questions),Teachers and parents love this Math worksheet for Math. Download and print instantly.,https://mathworksheetbase.github.io/html/complete-math-skill-test-for-students-8-questions-1309.html,https://mathworksheetbase.github.io/images/complete-math-skill-test-for-students-8-questions-1309.jpg,Elementary Math Activities,03/29/2026 08:30:00 PM
Missing Number Math Worksheet,Teachers and parents love this Missing Number worksheet for Grade 1. Download and print instantly.,https://mathworksheetbase.github.io/html/missing-number-math-worksheet-9050.html,https://mathworksheetbase.github.io/images/missing-number-math-worksheet-9050.jpg,Printable Worksheets,03/30/2026 08:36:00 AM
Mixed Operations Math Worksheet,Fun and engaging Mixed Operations worksheet for Grade 3. Perfect printable math practice.,https://mathworksheetbase.github.io/html/mixed-operations-math-worksheet-8477.html,https://mathworksheetbase.github.io/images/mixed-operations-math-worksheet-8477.jpg,Homeschool Math,03/30/2026 11:00:00 AM
Free 25 Multiplication Math Worksheet For Grade 1 - Part 68 | Printable Practice,Printable Multiplication worksheet designed for Grade 1 students. Easy and fun math practice.,https://mathworksheetbase.github.io/html/free-25-multiplication-math-worksheet-for-grade-1-part-68-5976.html,https://mathworksheetbase.github.io/images/free-25-multiplication-math-worksheet-for-grade-1-part-68-5976.jpg,Math Practice Printables,03/30/2026 01:38:00 PM
Free 11 Subtraction Math Worksheet For Grade 3 With Answers - Part 69 | Printable Practice,Teachers and parents love this Subtraction worksheet for Grade 3. Download and print instantly.,https://mathworksheetbase.github.io/html/free-11-subtraction-math-worksheet-for-grade-3-with-answers-part-69-6372.html,https://mathworksheetbase.github.io/images/free-11-subtraction-math-worksheet-for-grade-3-with-answers-part-69-6372.jpg,Kids Math Worksheets,03/30/2026 04:33:00 PM
Grade 4 Multiplication Table 12 Practice - Part 70 | Printable Practice,Fun and engaging Times Table worksheet for Grade 4. Perfect printable math practice.,https://mathworksheetbase.github.io/html/grade-4-multiplication-table-12-practice-part-70-5499.html,https://mathworksheetbase.github.io/images/grade-4-multiplication-table-12-practice-part-70-5499.jpg,Kids Math Worksheets,03/30/2026 08:38:00 PM
Printable Tracing Worksheet For Kids - Part 71 | Free Printable,Fun and engaging Tracing worksheet for Kindergarten. Perfect printable math practice.,https://mathworksheetbase.github.io/html/printable-tracing-worksheet-for-kids-part-71-4225.html,https://mathworksheetbase.github.io/images/printable-tracing-worksheet-for-kids-part-71-4225.jpg,Elementary Math Activities,03/31/2026 08:30:00 AM
Math Word Problem Worksheet,Free printable Word Problem worksheet for Grade 3. Perfect for homeschool practice and classroom activities.,https://mathworksheetbase.github.io/html/math-word-problem-worksheet-5033.html,https://mathworksheetbase.github.io/images/math-word-problem-worksheet-5033.jpg,Elementary Math Activities,03/31/2026 11:00:00 AM
Grade 3 Addition Practice Worksheet (17 Problems) - Part 73 | Printable Practice,Fun and engaging Addition worksheet for Grade 3. Perfect printable math practice.,https://mathworksheetbase.github.io/html/grade-3-addition-practice-worksheet-17-problems-part-73-2051.html,https://mathworksheetbase.github.io/images/grade-3-addition-practice-worksheet-17-problems-part-73-2051.jpg,Kids Math Worksheets,03/31/2026 01:32:00 PM
Free Kindergarten Count and Color Worksheet,Help kids master Count and Color with this printable worksheet for Kindergarten. Great for daily math practice.,https://mathworksheetbase.github.io/html/free-kindergarten-count-and-color-worksheet-1692.html,https://mathworksheetbase.github.io/images/free-kindergarten-count-and-color-worksheet-1692.jpg,Homeschool Math,03/31/2026 04:26:00 PM
Free Counting Objects Worksheet For Pre-K - Part 75 | Printable Practice,Printable Counting Objects worksheet designed for Pre-K students. Easy and fun math practice.,https://mathworksheetbase.github.io/html/free-counting-objects-worksheet-for-pre-k-part-75-7631.html,https://mathworksheetbase.github.io/images/free-counting-objects-worksheet-for-pre-k-part-75-7631.jpg,Kids Math Worksheets,03/31/2026 08:25:00 PM
Grade 2 Division Practice Worksheet (19 Problems) - Part 76 | Printable Practice,Fun and engaging Division worksheet for Grade 2. Perfect printable math practice.,https://mathworksheetbase.github.io/html/grade-2-division-practice-worksheet-19-problems-part-76-3973.html,https://mathworksheetbase.github.io/images/grade-2-division-practice-worksheet-19-problems-part-76-3973.jpg,Kids Math Worksheets,04/01/2026 08:27:00 AM
Complete Mathematics Problem Set Test Worksheet,Free printable Math worksheet for Math. Perfect for homeschool practice and classroom activities.,https://mathworksheetbase.github.io/html/complete-mathematics-problem-set-test-worksheet-4557.html,https://mathworksheetbase.github.io/images/complete-mathematics-problem-set-test-worksheet-4557.jpg,Kids Math Worksheets,04/01/2026 11:00:00 AM
Missing Number Math Worksheet,Teachers and parents love this Missing Number worksheet for Grade 1. Download and print instantly.,https://mathworksheetbase.github.io/html/missing-number-math-worksheet-7649.html,https://mathworksheetbase.github.io/images/missing-number-math-worksheet-7649.jpg,Elementary Math Activities,04/01/2026 01:33:00 PM
Mixed Operations Math Worksheet,Teachers and parents love this Mixed Operations worksheet for Grade 3. Download and print instantly.,https://mathworksheetbase.github.io/html/mixed-operations-math-worksheet-9167.html,https://mathworksheetbase.github.io/images/mixed-operations-math-worksheet-9167.jpg,Kids Math Worksheets,04/01/2026 04:32:00 PM
Free 23 Multiplication Math Worksheet For Grade 2 With Answers - Part 80 | Printable Practice,Help kids master Multiplication with this printable worksheet for Grade 2. Great for daily math practice.,https://mathworksheetbase.github.io/html/free-23-multiplication-math-worksheet-for-grade-2-with-answers-part-80-1680.html,https://mathworksheetbase.github.io/images/free-23-multiplication-math-worksheet-for-grade-2-with-answers-part-80-1680.jpg,Printable Worksheets,04/01/2026 08:24:00 PM
Printable Free 26 Subtraction Math Worksheet For Grade 3 - Part 81 | Printable Practice,Free printable Subtraction worksheet for Grade 3. Perfect for homeschool practice and classroom activities.,https://mathworksheetbase.github.io/html/printable-free-26-subtraction-math-worksheet-for-grade-3-part-81-5063.html,https://mathworksheetbase.github.io/images/printable-free-26-subtraction-math-worksheet-for-grade-3-part-81-5063.jpg,Homeschool Math,04/02/2026 08:23:00 AM
8 Times Table Worksheet For Grade 3 - Part 82 | Printable Practice,Teachers and parents love this Times Table worksheet for Grade 3. Download and print instantly.,https://mathworksheetbase.github.io/html/8-times-table-worksheet-for-grade-3-part-82-3413.html,https://mathworksheetbase.github.io/images/8-times-table-worksheet-for-grade-3-part-82-3413.jpg,Kids Math Worksheets,04/02/2026 11:00:00 AM
Printable Tracing Worksheet For Kids - Part 83 | Free Printable,Free printable Tracing worksheet for Kindergarten. Perfect for homeschool practice and classroom activities.,https://mathworksheetbase.github.io/html/printable-tracing-worksheet-for-kids-part-83-4638.html,https://mathworksheetbase.github.io/images/printable-tracing-worksheet-for-kids-part-83-4638.jpg,Math Practice Printables,04/02/2026 01:24:00 PM
Math Word Problem Worksheet,Fun and engaging Word Problem worksheet for Grade 3. Perfect printable math practice.,https://mathworksheetbase.github.io/html/math-word-problem-worksheet-2839.html,https://mathworksheetbase.github.io/images/math-word-problem-worksheet-2839.jpg,Elementary Math Activities,04/02/2026 04:29:00 PM
Printable Free 17 Addition Math Worksheet For Grade 1 - Part 85 | Printable Practice,Help kids master Addition with this printable worksheet for Grade 1. Great for daily math practice.,https://mathworksheetbase.github.io/html/printable-free-17-addition-math-worksheet-for-grade-1-part-85-7159.html,https://mathworksheetbase.github.io/images/printable-free-17-addition-math-worksheet-for-grade-1-part-85-7159.jpg,Math Practice Printables,04/02/2026 08:34:00 PM
Kindergarten Count and Color Shapes Worksheet,Printable Count and Color worksheet designed for Kindergarten students. Easy and fun math practice.,https://mathworksheetbase.github.io/html/kindergarten-count-and-color-shapes-worksheet-1251.html,https://mathworksheetbase.github.io/images/kindergarten-count-and-color-shapes-worksheet-1251.jpg,Math Practice Printables,04/03/2026 08:32:00 AM
Free Counting Objects Worksheet For Pre-K Printable - Part 87 | Printable Practice,Printable Counting Objects worksheet designed for Pre-K students. Easy and fun math practice.,https://mathworksheetbase.github.io/html/free-counting-objects-worksheet-for-pre-k-printable-part-87-6340.html,https://mathworksheetbase.github.io/images/free-counting-objects-worksheet-for-pre-k-printable-part-87-6340.jpg,Printable Worksheets,04/03/2026 11:07:00 AM
Printable Free 30 Division Math Worksheet For Grade 2 - Part 88 | Printable Practice,Help kids master Division with this printable worksheet for Grade 2. Great for daily math practice.,https://mathworksheetbase.github.io/html/printable-free-30-division-math-worksheet-for-grade-2-part-88-4333.html,https://mathworksheetbase.github.io/images/printable-free-30-division-math-worksheet-for-grade-2-part-88-4333.jpg,Elementary Math Activities,04/03/2026 01:22:00 PM
Free Printable Math Challenge Worksheet (4 Questions),Printable Math worksheet designed for Math students. Easy and fun math practice.,https://mathworksheetbase.github.io/html/free-printable-math-challenge-worksheet-4-questions-4338.html,https://mathworksheetbase.github.io/images/free-printable-math-challenge-worksheet-4-questions-4338.jpg,Homeschool Math,04/03/2026 04:36:00 PM
Missing Number Math Worksheet,Free printable Missing Number worksheet for Grade 1. Perfect for homeschool practice and classroom activities.,https://mathworksheetbase.github.io/html/missing-number-math-worksheet-7664.html,https://mathworksheetbase.github.io/images/missing-number-math-worksheet-7664.jpg,Elementary Math Activities,04/03/2026 08:38:00 PM
Mixed Operations Math Worksheet,Free printable Mixed Operations worksheet for Grade 3. Perfect for homeschool practice and classroom activities.,https://mathworksheetbase.github.io/html/mixed-operations-math-worksheet-5172.html,https://mathworksheetbase.github.io/images/mixed-operations-math-worksheet-5172.jpg,Elementary Math Activities,04/04/2026 08:25:00 AM
Free 21 Multiplication Math Worksheet For Grade 2 With Answers - Part 92 | Printable Practice,Printable Multiplication worksheet designed for Grade 2 students. Easy and fun math practice.,https://mathworksheetbase.github.io/html/free-21-multiplication-math-worksheet-for-grade-2-with-answers-part-92-6582.html,https://mathworksheetbase.github.io/images/free-21-multiplication-math-worksheet-for-grade-2-with-answers-part-92-6582.jpg,Printable Worksheets,04/04/2026 11:03:00 AM
Free 26 Subtraction Math Worksheet For Grade 2 - Part 93 | Printable Practice,Help kids master Subtraction with this printable worksheet for Grade 2. Great for daily math practice.,https://mathworksheetbase.github.io/html/free-26-subtraction-math-worksheet-for-grade-2-part-93-3703.html,https://mathworksheetbase.github.io/images/free-26-subtraction-math-worksheet-for-grade-2-part-93-3703.jpg,Printable Worksheets,04/04/2026 01:36:00 PM
10 Times Table Worksheet For Grade 3 - Part 94 | Printable Practice,Teachers and parents love this Times Table worksheet for Grade 3. Download and print instantly.,https://mathworksheetbase.github.io/html/10-times-table-worksheet-for-grade-3-part-94-3518.html,https://mathworksheetbase.github.io/images/10-times-table-worksheet-for-grade-3-part-94-3518.jpg,Homeschool Math,04/04/2026 04:38:00 PM
Printable Tracing Worksheet For Kids - Part 95 | Free Printable,Printable Tracing worksheet designed for Preschool students. Easy and fun math practice.,https://mathworksheetbase.github.io/html/printable-tracing-worksheet-for-kids-part-95-9330.html,https://mathworksheetbase.github.io/images/printable-tracing-worksheet-for-kids-part-95-9330.jpg,Printable Worksheets,04/04/2026 08:31:00 PM
Math Word Problem Worksheet,Fun and engaging Word Problem worksheet for Grade 3. Perfect printable math practice.,https://mathworksheetbase.github.io/html/math-word-problem-worksheet-6487.html,https://mathworksheetbase.github.io/images/math-word-problem-worksheet-6487.jpg,Printable Worksheets,04/05/2026 08:27:00 AM
Free 16 Addition Math Worksheet For Grade 3 - Part 97 | Printable Practice,Help kids master Addition with this printable worksheet for Grade 3. Great for daily math practice.,https://mathworksheetbase.github.io/html/free-16-addition-math-worksheet-for-grade-3-part-97-5508.html,https://mathworksheetbase.github.io/images/free-16-addition-math-worksheet-for-grade-3-part-97-5508.jpg,Elementary Math Activities,04/05/2026 11:07:00 AM
Preschool Count and Color Shapes Worksheet,Fun and engaging Count and Color worksheet for Preschool. Perfect printable math practice.,https://mathworksheetbase.github.io/html/preschool-count-and-color-shapes-worksheet-3460.html,https://mathworksheetbase.github.io/images/preschool-count-and-color-shapes-worksheet-3460.jpg,Elementary Math Activities,04/05/2026 01:35:00 PM
Learn Counting With Pictures Worksheet (Kindergarten) - Part 99 | Printable Practice,Printable Counting Objects worksheet designed for Kindergarten students. Easy and fun math practice.,https://mathworksheetbase.github.io/html/learn-counting-with-pictures-worksheet-kindergarten-part-99-8689.html,https://mathworksheetbase.github.io/images/learn-counting-with-pictures-worksheet-kindergarten-part-99-8689.jpg,Elementary Math Activities,04/05/2026 04:31:00 PM
Free 15 Division Math Worksheet For Grade 2 With Answers - Part 100 | Printable Practice,Teachers and parents love this Division worksheet for Grade 2. Download and print instantly.,https://mathworksheetbase.github.io/html/free-15-division-math-worksheet-for-grade-2-with-answers-part-100-7790.html,https://mathworksheetbase.github.io/images/free-15-division-math-worksheet-for-grade-2-with-answers-part-100-7790.jpg,Elementary Math Activities,04/05/2026 08:33:00 PM
8 Math Challenge for High School Students,Printable Math worksheet designed for Math students. Easy and fun math practice.,https://mathworksheetbase.github.io/html/8-math-challenge-for-high-school-students-6745.html,https://mathworksheetbase.github.io/images/8-math-challenge-for-high-school-students-6745.jpg,Homeschool Math,04/06/2026 08:22:00 AM
Missing Number Math Worksheet,Help kids master Missing Number with this printable worksheet for Grade 1. Great for daily math practice.,https://mathworksheetbase.github.io/html/missing-number-math-worksheet-1059.html,https://mathworksheetbase.github.io/images/missing-number-math-worksheet-1059.jpg,Kids Math Worksheets,04/06/2026 11:00:00 AM
Mixed Operations Math Worksheet,Printable Mixed Operations worksheet designed for Grade 3 students. Easy and fun math practice.,https://mathworksheetbase.github.io/html/mixed-operations-math-worksheet-8345.html,https://mathworksheetbase.github.io/images/mixed-operations-math-worksheet-8345.jpg,Kids Math Worksheets,04/06/2026 01:22:00 PM
Free 14 Multiplication Math Worksheet For Grade 2 With Answers - Part 104 | Printable Practice,Printable Multiplication worksheet designed for Grade 2 students. Easy and fun math practice.,https://mathworksheetbase.github.io/html/free-14-multiplication-math-worksheet-for-grade-2-with-answers-part-104-2248.html,https://mathworksheetbase.github.io/images/free-14-multiplication-math-worksheet-for-grade-2-with-answers-part-104-2248.jpg,Printable Worksheets,04/06/2026 04:25:00 PM
Printable Free 16 Subtraction Math Worksheet For Grade 5 - Part 105 | Printable Practice,Printable Subtraction worksheet designed for Grade 5 students. Easy and fun math practice.,https://mathworksheetbase.github.io/html/printable-free-16-subtraction-math-worksheet-for-grade-5-part-105-3070.html,https://mathworksheetbase.github.io/images/printable-free-16-subtraction-math-worksheet-for-grade-5-part-105-3070.jpg,Math Practice Printables,04/06/2026 08:38:00 PM
Printable 12 Times Table Worksheet For Grade 4 - Part 106 | Printable Practice,Free printable Times Table worksheet for Grade 4. Perfect for homeschool practice and classroom activities.,https://mathworksheetbase.github.io/html/printable-12-times-table-worksheet-for-grade-4-part-106-6703.html,https://mathworksheetbase.github.io/images/printable-12-times-table-worksheet-for-grade-4-part-106-6703.jpg,Printable Worksheets,04/07/2026 08:38:00 AM
Printable Tracing Worksheet For Kids - Part 107 | Free Printable,Free printable Tracing worksheet for Kindergarten. Perfect for homeschool practice and classroom activities.,https://mathworksheetbase.github.io/html/printable-tracing-worksheet-for-kids-part-107-1569.html,https://mathworksheetbase.github.io/images/printable-tracing-worksheet-for-kids-part-107-1569.jpg,Printable Worksheets,04/07/2026 11:02:00 AM
Math Word Problem Worksheet,Printable Word Problem worksheet designed for Grade 3 students. Easy and fun math practice.,https://mathworksheetbase.github.io/html/math-word-problem-worksheet-3921.html,https://mathworksheetbase.github.io/images/math-word-problem-worksheet-3921.jpg,Homeschool Math,04/07/2026 01:30:00 PM
Free 10 Addition Math Worksheet For Grade 5 - Part 109 | Printable Practice,Teachers and parents love this Addition worksheet for Grade 5. Download and print instantly.,https://mathworksheetbase.github.io/html/free-10-addition-math-worksheet-for-grade-5-part-109-6230.html,https://mathworksheetbase.github.io/images/free-10-addition-math-worksheet-for-grade-5-part-109-6230.jpg,Homeschool Math,04/07/2026 04:35:00 PM
4 Free Count and Color Worksheets for Preschool,Help kids master Count and Color with this printable worksheet for Preschool. Great for daily math practice.,https://mathworksheetbase.github.io/html/4-free-count-and-color-worksheets-for-preschool-8335.html,https://mathworksheetbase.github.io/images/4-free-count-and-color-worksheets-for-preschool-8335.jpg,Kids Math Worksheets,04/07/2026 08:22:00 PM
Free Counting Objects Worksheet For Kindergarten - Part 111 | Printable Practice,Fun and engaging Counting Objects worksheet for Kindergarten. Perfect printable math practice.,https://mathworksheetbase.github.io/html/free-counting-objects-worksheet-for-kindergarten-part-111-8909.html,https://mathworksheetbase.github.io/images/free-counting-objects-worksheet-for-kindergarten-part-111-8909.jpg,Math Practice Printables,04/08/2026 08:26:00 AM
Printable Free 26 Division Math Worksheet For Grade 2 - Part 112 | Printable Practice,Printable Division worksheet designed for Grade 2 students. Easy and fun math practice.,https://mathworksheetbase.github.io/html/printable-free-26-division-math-worksheet-for-grade-2-part-112-7838.html,https://mathworksheetbase.github.io/images/printable-free-26-division-math-worksheet-for-grade-2-part-112-7838.jpg,Printable Worksheets,04/08/2026 11:00:00 AM
4 Math Quiz for High School Students,Fun and engaging Math worksheet for Math. Perfect printable math practice.,https://mathworksheetbase.github.io/html/4-math-quiz-for-high-school-students-8929.html,https://mathworksheetbase.github.io/images/4-math-quiz-for-high-school-students-8929.jpg,Homeschool Math,04/08/2026 01:26:00 PM
Missing Number Math Worksheet,Help kids master Missing Number with this printable worksheet for Grade 1. Great for daily math practice.,https://mathworksheetbase.github.io/html/missing-number-math-worksheet-2442.html,https://mathworksheetbase.github.io/images/missing-number-math-worksheet-2442.jpg,Elementary Math Activities,04/08/2026 04:30:00 PM
Mixed Operations Math Worksheet,Free printable Mixed Operations worksheet for Grade 3. Perfect for homeschool practice and classroom activities.,https://mathworksheetbase.github.io/html/mixed-operations-math-worksheet-3450.html,https://mathworksheetbase.github.io/images/mixed-operations-math-worksheet-3450.jpg,Elementary Math Activities,04/08/2026 08:34:00 PM
Printable Free 14 Multiplication Math Worksheet For Grade 2 - Part 116 | Printable Practice,Help kids master Multiplication with this printable worksheet for Grade 2. Great for daily math practice.,https://mathworksheetbase.github.io/html/printable-free-14-multiplication-math-worksheet-for-grade-2-part-116-9623.html,https://mathworksheetbase.github.io/images/printable-free-14-multiplication-math-worksheet-for-grade-2-part-116-9623.jpg,Kids Math Worksheets,04/09/2026 08:31:00 AM
Grade 2 Subtraction Practice Worksheet (20 Problems) - Part 117 | Printable Practice,Free printable Subtraction worksheet for Grade 2. Perfect for homeschool practice and classroom activities.,https://mathworksheetbase.github.io/html/grade-2-subtraction-practice-worksheet-20-problems-part-117-5005.html,https://mathworksheetbase.github.io/images/grade-2-subtraction-practice-worksheet-20-problems-part-117-5005.jpg,Math Practice Printables,04/09/2026 11:03:00 AM
5 Times Table Worksheet For Grade 2 With Answers - Part 118 | Printable Practice,Teachers and parents love this Times Table worksheet for Grade 2. Download and print instantly.,https://mathworksheetbase.github.io/html/5-times-table-worksheet-for-grade-2-with-answers-part-118-6139.html,https://mathworksheetbase.github.io/images/5-times-table-worksheet-for-grade-2-with-answers-part-118-6139.jpg,Kids Math Worksheets,04/09/2026 01:26:00 PM
Printable Tracing Worksheet For Kids - Part 119 | Free Printable,Free printable Tracing worksheet for Preschool. Perfect for homeschool practice and classroom activities.,https://mathworksheetbase.github.io/html/printable-tracing-worksheet-for-kids-part-119-6394.html,https://mathworksheetbase.github.io/images/printable-tracing-worksheet-for-kids-part-119-6394.jpg,Elementary Math Activities,04/09/2026 04:36:00 PM
Math Word Problem Worksheet,Printable Word Problem worksheet designed for Grade 3 students. Easy and fun math practice.,https://mathworksheetbase.github.io/html/math-word-problem-worksheet-1175.html,https://mathworksheetbase.github.io/images/math-word-problem-worksheet-1175.jpg,Kids Math Worksheets,04/09/2026 08:36:00 PM
Grade 5 Addition Practice Worksheet (16 Problems) - Part 121 | Printable Practice,Teachers and parents love this Addition worksheet for Grade 5. Download and print instantly.,https://mathworksheetbase.github.io/html/grade-5-addition-practice-worksheet-16-problems-part-121-8829.html,https://mathworksheetbase.github.io/images/grade-5-addition-practice-worksheet-16-problems-part-121-8829.jpg,Printable Worksheets,04/10/2026 08:33:00 AM
4 Free Count and Color Worksheets for Preschool,Help kids master Count and Color with this printable worksheet for Preschool. Great for daily math practice.,https://mathworksheetbase.github.io/html/4-free-count-and-color-worksheets-for-preschool-8799.html,https://mathworksheetbase.github.io/images/4-free-count-and-color-worksheets-for-preschool-8799.jpg,Kids Math Worksheets,04/10/2026 11:00:00 AM
Free Counting Objects Worksheet For Kindergarten - Part 123 | Printable Practice,Free printable Counting Objects worksheet for Kindergarten. Perfect for homeschool practice and classroom activities.,https://mathworksheetbase.github.io/html/free-counting-objects-worksheet-for-kindergarten-part-123-2450.html,https://mathworksheetbase.github.io/images/free-counting-objects-worksheet-for-kindergarten-part-123-2450.jpg,Printable Worksheets,04/10/2026 01:25:00 PM
Free 27 Division Math Worksheet For Grade 2 With Answers - Part 124 | Printable Practice,Free printable Division worksheet for Grade 2. Perfect for homeschool practice and classroom activities.,https://mathworksheetbase.github.io/html/free-27-division-math-worksheet-for-grade-2-with-answers-part-124-4551.html,https://mathworksheetbase.github.io/images/free-27-division-math-worksheet-for-grade-2-with-answers-part-124-4551.jpg,Math Practice Printables,04/10/2026 04:31:00 PM
Free Printable Math Skill Test Printable Worksheet for Math Learners,Printable Math worksheet designed for Math students. Easy and fun math practice.,https://mathworksheetbase.github.io/html/free-printable-math-skill-test-printable-worksheet-for-math-learners-7005.html,https://mathworksheetbase.github.io/images/free-printable-math-skill-test-printable-worksheet-for-math-learners-7005.jpg,Printable Worksheets,04/10/2026 08:27:00 PM
Missing Number Math Worksheet,Fun and engaging Missing Number worksheet for Grade 1. Perfect printable math practice.,https://mathworksheetbase.github.io/html/missing-number-math-worksheet-8473.html,https://mathworksheetbase.github.io/images/missing-number-math-worksheet-8473.jpg,Homeschool Math,04/11/2026 08:34:00 AM
Mixed Operations Math Worksheet,Teachers and parents love this Mixed Operations worksheet for Grade 3. Download and print instantly.,https://mathworksheetbase.github.io/html/mixed-operations-math-worksheet-5931.html,https://mathworksheetbase.github.io/images/mixed-operations-math-worksheet-5931.jpg,Homeschool Math,04/11/2026 11:08:00 AM
Free 25 Multiplication Math Worksheet For Grade 1 - Part 128 | Printable Practice,Fun and engaging Multiplication worksheet for Grade 1. Perfect printable math practice.,https://mathworksheetbase.github.io/html/free-25-multiplication-math-worksheet-for-grade-1-part-128-2053.html,https://mathworksheetbase.github.io/images/free-25-multiplication-math-worksheet-for-grade-1-part-128-2053.jpg,Homeschool Math,04/11/2026 01:33:00 PM
Free 22 Subtraction Math Worksheet For Grade 5 - Part 129 | Printable Practice,Free printable Subtraction worksheet for Grade 5. Perfect for homeschool practice and classroom activities.,https://mathworksheetbase.github.io/html/free-22-subtraction-math-worksheet-for-grade-5-part-129-3534.html,https://mathworksheetbase.github.io/images/free-22-subtraction-math-worksheet-for-grade-5-part-129-3534.jpg,Homeschool Math,04/11/2026 04:36:00 PM
8 Times Table Worksheet For Grade 3 - Part 130 | Printable Practice,Help kids master Times Table with this printable worksheet for Grade 3. Great for daily math practice.,https://mathworksheetbase.github.io/html/8-times-table-worksheet-for-grade-3-part-130-8680.html,https://mathworksheetbase.github.io/images/8-times-table-worksheet-for-grade-3-part-130-8680.jpg,Homeschool Math,04/11/2026 08:36:00 PM
Printable Tracing Worksheet For Kids - Part 131 | Free Printable,Printable Tracing worksheet designed for Kindergarten students. Easy and fun math practice.,https://mathworksheetbase.github.io/html/printable-tracing-worksheet-for-kids-part-131-3981.html,https://mathworksheetbase.github.io/images/printable-tracing-worksheet-for-kids-part-131-3981.jpg,Printable Worksheets,04/12/2026 08:29:00 AM
Math Word Problem Worksheet,Help kids master Word Problem with this printable worksheet for Grade 3. Great for daily math practice.,https://mathworksheetbase.github.io/html/math-word-problem-worksheet-1977.html,https://mathworksheetbase.github.io/images/math-word-problem-worksheet-1977.jpg,Printable Worksheets,04/12/2026 11:03:00 AM
Grade 1 Addition Practice Worksheet (29 Problems) - Part 133 | Printable Practice,Fun and engaging Addition worksheet for Grade 1. Perfect printable math practice.,https://mathworksheetbase.github.io/html/grade-1-addition-practice-worksheet-29-problems-part-133-1474.html,https://mathworksheetbase.github.io/images/grade-1-addition-practice-worksheet-29-problems-part-133-1474.jpg,Homeschool Math,04/12/2026 01:27:00 PM
Fun Count and Color Objects Worksheet for Kindergarten,Help kids master Count and Color with this printable worksheet for Kindergarten. Great for daily math practice.,https://mathworksheetbase.github.io/html/fun-count-and-color-objects-worksheet-for-kindergarten-1167.html,https://mathworksheetbase.github.io/images/fun-count-and-color-objects-worksheet-for-kindergarten-1167.jpg,Math Practice Printables,04/12/2026 04:36:00 PM
Free Counting Objects Worksheet For Kindergarten Printable - Part 135 | Printable Practice,Help kids master Counting Objects with this printable worksheet for Kindergarten. Great for daily math practice.,https://mathworksheetbase.github.io/html/free-counting-objects-worksheet-for-kindergarten-printable-part-135-3540.html,https://mathworksheetbase.github.io/images/free-counting-objects-worksheet-for-kindergarten-printable-part-135-3540.jpg,Printable Worksheets,04/12/2026 08:34:00 PM
Grade 2 Division Practice Worksheet (13 Problems) - Part 136 | Printable Practice,Free printable Division worksheet for Grade 2. Perfect for homeschool practice and classroom activities.,https://mathworksheetbase.github.io/html/grade-2-division-practice-worksheet-13-problems-part-136-4142.html,https://mathworksheetbase.github.io/images/grade-2-division-practice-worksheet-13-problems-part-136-4142.jpg,Homeschool Math,04/13/2026 08:30:00 AM
7 Math Quiz Practice Worksheet for Math Learners,Free printable Math worksheet for Math. Perfect for homeschool practice and classroom activities.,https://mathworksheetbase.github.io/html/7-math-quiz-practice-worksheet-for-math-learners-6602.html,https://mathworksheetbase.github.io/images/7-math-quiz-practice-worksheet-for-math-learners-6602.jpg,Printable Worksheets,04/13/2026 11:00:00 AM
Missing Number Math Worksheet,Fun and engaging Missing Number worksheet for Grade 1. Perfect printable math practice.,https://mathworksheetbase.github.io/html/missing-number-math-worksheet-9271.html,https://mathworksheetbase.github.io/images/missing-number-math-worksheet-9271.jpg,Kids Math Worksheets,04/13/2026 01:22:00 PM
Mixed Operations Math Worksheet,Free printable Mixed Operations worksheet for Grade 3. Perfect for homeschool practice and classroom activities.,https://mathworksheetbase.github.io/html/mixed-operations-math-worksheet-5766.html,https://mathworksheetbase.github.io/images/mixed-operations-math-worksheet-5766.jpg,Elementary Math Activities,04/13/2026 04:31:00 PM
Grade 1 Multiplication Practice Worksheet (19 Problems) - Part 140 | Printable Practice,Free printable Multiplication worksheet for Grade 1. Perfect for homeschool practice and classroom activities.,https://mathworksheetbase.github.io/html/grade-1-multiplication-practice-worksheet-19-problems-part-140-9542.html,https://mathworksheetbase.github.io/images/grade-1-multiplication-practice-worksheet-19-problems-part-140-9542.jpg,Kids Math Worksheets,04/13/2026 08:32:00 PM
Grade 5 Subtraction Practice Worksheet (25 Problems) - Part 141 | Printable Practice,Printable Subtraction worksheet designed for Grade 5 students. Easy and fun math practice.,https://mathworksheetbase.github.io/html/grade-5-subtraction-practice-worksheet-25-problems-part-141-1886.html,https://mathworksheetbase.github.io/images/grade-5-subtraction-practice-worksheet-25-problems-part-141-1886.jpg,Elementary Math Activities,04/14/2026 08:29:00 AM
Printable 7 Times Table Worksheet For Grade 3 - Part 142 | Printable Practice,Fun and engaging Times Table worksheet for Grade 3. Perfect printable math practice.,https://mathworksheetbase.github.io/html/printable-7-times-table-worksheet-for-grade-3-part-142-9603.html,https://mathworksheetbase.github.io/images/printable-7-times-table-worksheet-for-grade-3-part-142-9603.jpg,Printable Worksheets,04/14/2026 11:00:00 AM
Printable Tracing Worksheet For Kids - Part 143 | Free Printable,Fun and engaging Tracing worksheet for Preschool. Perfect printable math practice.,https://mathworksheetbase.github.io/html/printable-tracing-worksheet-for-kids-part-143-9848.html,https://mathworksheetbase.github.io/images/printable-tracing-worksheet-for-kids-part-143-9848.jpg,Elementary Math Activities,04/14/2026 01:36:00 PM
Math Word Problem Worksheet,Teachers and parents love this Word Problem worksheet for Grade 3. Download and print instantly.,https://mathworksheetbase.github.io/html/math-word-problem-worksheet-1753.html,https://mathworksheetbase.github.io/images/math-word-problem-worksheet-1753.jpg,Math Practice Printables,04/14/2026 04:30:00 PM
Free 27 Addition Math Worksheet For Grade 5 - Part 145 | Printable Practice,Free printable Addition worksheet for Grade 5. Perfect for homeschool practice and classroom activities.,https://mathworksheetbase.github.io/html/free-27-addition-math-worksheet-for-grade-5-part-145-3687.html,https://mathworksheetbase.github.io/images/free-27-addition-math-worksheet-for-grade-5-part-145-3687.jpg,Elementary Math Activities,04/14/2026 08:36:00 PM
4 Free Count and Color Worksheets for Preschool,Printable Count and Color worksheet designed for Preschool students. Easy and fun math practice.,https://mathworksheetbase.github.io/html/4-free-count-and-color-worksheets-for-preschool-3656.html,https://mathworksheetbase.github.io/images/4-free-count-and-color-worksheets-for-preschool-3656.jpg,Printable Worksheets,04/15/2026 08:33:00 AM
Free Counting Objects Worksheet For Kindergarten Printable - Part 147 | Printable Practice,Fun and engaging Counting Objects worksheet for Kindergarten. Perfect printable math practice.,https://mathworksheetbase.github.io/html/free-counting-objects-worksheet-for-kindergarten-printable-part-147-7925.html,https://mathworksheetbase.github.io/images/free-counting-objects-worksheet-for-kindergarten-printable-part-147-7925.jpg,Elementary Math Activities,04/15/2026 11:08:00 AM
Printable Free 23 Division Math Worksheet For Grade 2 - Part 148 | Printable Practice,Fun and engaging Division worksheet for Grade 2. Perfect printable math practice.,https://mathworksheetbase.github.io/html/printable-free-23-division-math-worksheet-for-grade-2-part-148-2737.html,https://mathworksheetbase.github.io/images/printable-free-23-division-math-worksheet-for-grade-2-part-148-2737.jpg,Math Practice Printables,04/15/2026 01:38:00 PM
4 General Math Quiz Practice Worksheet for Students,Printable Math worksheet designed for Math students. Easy and fun math practice.,https://mathworksheetbase.github.io/html/4-general-math-quiz-practice-worksheet-for-students-6100.html,https://mathworksheetbase.github.io/images/4-general-math-quiz-practice-worksheet-for-students-6100.jpg,Elementary Math Activities,04/15/2026 04:38:00 PM
Missing Number Math Worksheet,Fun and engaging Missing Number worksheet for Grade 1. Perfect printable math practice.,https://mathworksheetbase.github.io/html/missing-number-math-worksheet-5957.html,https://mathworksheetbase.github.io/images/missing-number-math-worksheet-5957.jpg,Kids Math Worksheets,04/15/2026 08:37:00 PM
Mixed Operations Math Worksheet,Fun and engaging Mixed Operations worksheet for Grade 3. Perfect printable math practice.,https://mathworksheetbase.github.io/html/mixed-operations-math-worksheet-9515.html,https://mathworksheetbase.github.io/images/mixed-operations-math-worksheet-9515.jpg,Elementary Math Activities,04/16/2026 08:28:00 AM
Free 15 Multiplication Math Worksheet For Grade 2 - Part 152 | Printable Practice,Fun and engaging Multiplication worksheet for Grade 2. Perfect printable math practice.,https://mathworksheetbase.github.io/html/free-15-multiplication-math-worksheet-for-grade-2-part-152-9672.html,https://mathworksheetbase.github.io/images/free-15-multiplication-math-worksheet-for-grade-2-part-152-9672.jpg,Kids Math Worksheets,04/16/2026 11:00:00 AM
Grade 5 Subtraction Practice Worksheet (25 Problems) - Part 153 | Printable Practice,Teachers and parents love this Subtraction worksheet for Grade 5. Download and print instantly.,https://mathworksheetbase.github.io/html/grade-5-subtraction-practice-worksheet-25-problems-part-153-3043.html,https://mathworksheetbase.github.io/images/grade-5-subtraction-practice-worksheet-25-problems-part-153-3043.jpg,Homeschool Math,04/16/2026 01:27:00 PM
Printable 5 Times Table Worksheet For Grade 2 - Part 154 | Printable Practice,Fun and engaging Times Table worksheet for Grade 2. Perfect printable math practice.,https://mathworksheetbase.github.io/html/printable-5-times-table-worksheet-for-grade-2-part-154-4001.html,https://mathworksheetbase.github.io/images/printable-5-times-table-worksheet-for-grade-2-part-154-4001.jpg,Printable Worksheets,04/16/2026 04:34:00 PM
Printable Tracing Worksheet For Kids - Part 155 | Free Printable,Fun and engaging Tracing worksheet for Kindergarten. Perfect printable math practice.,https://mathworksheetbase.github.io/html/printable-tracing-worksheet-for-kids-part-155-1808.html,https://mathworksheetbase.github.io/images/printable-tracing-worksheet-for-kids-part-155-1808.jpg,Math Practice Printables,04/16/2026 08:32:00 PM
Math Word Problem Worksheet,Help kids master Word Problem with this printable worksheet for Grade 3. Great for daily math practice.,https://mathworksheetbase.github.io/html/math-word-problem-worksheet-2522.html,https://mathworksheetbase.github.io/images/math-word-problem-worksheet-2522.jpg,Math Practice Printables,04/17/2026 08:34:00 AM
Free 10 Addition Math Worksheet For Grade 5 - Part 157 | Printable Practice,Fun and engaging Addition worksheet for Grade 5. Perfect printable math practice.,https://mathworksheetbase.github.io/html/free-10-addition-math-worksheet-for-grade-5-part-157-7505.html,https://mathworksheetbase.github.io/images/free-10-addition-math-worksheet-for-grade-5-part-157-7505.jpg,Elementary Math Activities,04/17/2026 11:00:00 AM
Free Kindergarten Count and Color Worksheet,Free printable Count and Color worksheet for Kindergarten. Perfect for homeschool practice and classroom activities.,https://mathworksheetbase.github.io/html/free-kindergarten-count-and-color-worksheet-9586.html,https://mathworksheetbase.github.io/images/free-kindergarten-count-and-color-worksheet-9586.jpg,Printable Worksheets,04/17/2026 01:22:00 PM
Pre-K Count The Objects Worksheet - Part 159 | Printable Practice,Fun and engaging Counting Objects worksheet for Pre-K. Perfect printable math practice.,https://mathworksheetbase.github.io/html/pre-k-count-the-objects-worksheet-part-159-6486.html,https://mathworksheetbase.github.io/images/pre-k-count-the-objects-worksheet-part-159-6486.jpg,Math Practice Printables,04/17/2026 04:23:00 PM
Grade 1 Division Practice Worksheet (25 Problems) - Part 160 | Printable Practice,Help kids master Division with this printable worksheet for Grade 1. Great for daily math practice.,https://mathworksheetbase.github.io/html/grade-1-division-practice-worksheet-25-problems-part-160-1135.html,https://mathworksheetbase.github.io/images/grade-1-division-practice-worksheet-25-problems-part-160-1135.jpg,Printable Worksheets,04/17/2026 08:23:00 PM
7 Math Quiz for Teens,Help kids master Math with this printable worksheet for Math. Great for daily math practice.,https://mathworksheetbase.github.io/html/7-math-quiz-for-teens-6633.html,https://mathworksheetbase.github.io/images/7-math-quiz-for-teens-6633.jpg,Kids Math Worksheets,04/18/2026 08:30:00 AM
Missing Number Math Worksheet,Teachers and parents love this Missing Number worksheet for Grade 1. Download and print instantly.,https://mathworksheetbase.github.io/html/missing-number-math-worksheet-5060.html,https://mathworksheetbase.github.io/images/missing-number-math-worksheet-5060.jpg,Homeschool Math,04/18/2026 11:00:00 AM
Mixed Operations Math Worksheet,Teachers and parents love this Mixed Operations worksheet for Grade 3. Download and print instantly.,https://mathworksheetbase.github.io/html/mixed-operations-math-worksheet-8228.html,https://mathworksheetbase.github.io/images/mixed-operations-math-worksheet-8228.jpg,Math Practice Printables,04/18/2026 01:26:00 PM
Grade 2 Multiplication Practice Worksheet (17 Problems) - Part 164 | Printable Practice,Help kids master Multiplication with this printable worksheet for Grade 2. Great for daily math practice.,https://mathworksheetbase.github.io/html/grade-2-multiplication-practice-worksheet-17-problems-part-164-6335.html,https://mathworksheetbase.github.io/images/grade-2-multiplication-practice-worksheet-17-problems-part-164-6335.jpg,Math Practice Printables,04/18/2026 04:22:00 PM
Printable Free 18 Subtraction Math Worksheet For Grade 5 - Part 165 | Printable Practice,Help kids master Subtraction with this printable worksheet for Grade 5. Great for daily math practice.,https://mathworksheetbase.github.io/html/printable-free-18-subtraction-math-worksheet-for-grade-5-part-165-6848.html,https://mathworksheetbase.github.io/images/printable-free-18-subtraction-math-worksheet-for-grade-5-part-165-6848.jpg,Math Practice Printables,04/18/2026 08:26:00 PM
Grade 3 Multiplication Table 6 Practice - Part 166 | Printable Practice,Free printable Times Table worksheet for Grade 3. Perfect for homeschool practice and classroom activities.,https://mathworksheetbase.github.io/html/grade-3-multiplication-table-6-practice-part-166-3980.html,https://mathworksheetbase.github.io/images/grade-3-multiplication-table-6-practice-part-166-3980.jpg,Math Practice Printables,04/19/2026 08:30:00 AM
Printable Tracing Worksheet For Kids - Part 167 | Free Printable,Help kids master Tracing with this printable worksheet for Preschool. Great for daily math practice.,https://mathworksheetbase.github.io/html/printable-tracing-worksheet-for-kids-part-167-1959.html,https://mathworksheetbase.github.io/images/printable-tracing-worksheet-for-kids-part-167-1959.jpg,Kids Math Worksheets,04/19/2026 11:07:00 AM
Math Word Problem Worksheet,Help kids master Word Problem with this printable worksheet for Grade 3. Great for daily math practice.,https://mathworksheetbase.github.io/html/math-word-problem-worksheet-9294.html,https://mathworksheetbase.github.io/images/math-word-problem-worksheet-9294.jpg,Math Practice Printables,04/19/2026 01:30:00 PM
Printable Free 18 Addition Math Worksheet For Grade 3 - Part 169 | Printable Practice,Teachers and parents love this Addition worksheet for Grade 3. Download and print instantly.,https://mathworksheetbase.github.io/html/printable-free-18-addition-math-worksheet-for-grade-3-part-169-1305.html,https://mathworksheetbase.github.io/images/printable-free-18-addition-math-worksheet-for-grade-3-part-169-1305.jpg,Homeschool Math,04/19/2026 04:33:00 PM
4 Free Count and Color Worksheets for Grade 1,Fun and engaging Count and Color worksheet for Grade 1. Perfect printable math practice.,https://mathworksheetbase.github.io/html/4-free-count-and-color-worksheets-for-grade-1-6136.html,https://mathworksheetbase.github.io/images/4-free-count-and-color-worksheets-for-grade-1-6136.jpg,Math Practice Printables,04/19/2026 08:22:00 PM
Free Counting Objects Worksheet For Pre-K Printable - Part 171 | Printable Practice,Printable Counting Objects worksheet designed for Pre-K students. Easy and fun math practice.,https://mathworksheetbase.github.io/html/free-counting-objects-worksheet-for-pre-k-printable-part-171-2561.html,https://mathworksheetbase.github.io/images/free-counting-objects-worksheet-for-pre-k-printable-part-171-2561.jpg,Homeschool Math,04/20/2026 08:34:00 AM
Free 12 Division Math Worksheet For Grade 2 - Part 172 | Printable Practice,Fun and engaging Division worksheet for Grade 2. Perfect printable math practice.,https://mathworksheetbase.github.io/html/free-12-division-math-worksheet-for-grade-2-part-172-4859.html,https://mathworksheetbase.github.io/images/free-12-division-math-worksheet-for-grade-2-part-172-4859.jpg,Math Practice Printables,04/20/2026 11:00:00 AM
4 Math Trivia for Study,Teachers and parents love this Math worksheet for Math. Download and print instantly.,https://mathworksheetbase.github.io/html/4-math-trivia-for-study-8908.html,https://mathworksheetbase.github.io/images/4-math-trivia-for-study-8908.jpg,Homeschool Math,04/20/2026 01:33:00 PM
Missing Number Math Worksheet,Teachers and parents love this Missing Number worksheet for Grade 1. Download and print instantly.,https://mathworksheetbase.github.io/html/missing-number-math-worksheet-6508.html,https://mathworksheetbase.github.io/images/missing-number-math-worksheet-6508.jpg,Printable Worksheets,04/20/2026 04:29:00 PM
Mixed Operations Math Worksheet,Free printable Mixed Operations worksheet for Grade 3. Perfect for homeschool practice and classroom activities.,https://mathworksheetbase.github.io/html/mixed-operations-math-worksheet-7888.html,https://mathworksheetbase.github.io/images/mixed-operations-math-worksheet-7888.jpg,Homeschool Math,04/20/2026 08:22:00 PM
Grade 2 Multiplication Practice Worksheet (24 Problems) - Part 176 | Printable Practice,Printable Multiplication worksheet designed for Grade 2 students. Easy and fun math practice.,https://mathworksheetbase.github.io/html/grade-2-multiplication-practice-worksheet-24-problems-part-176-4005.html,https://mathworksheetbase.github.io/images/grade-2-multiplication-practice-worksheet-24-problems-part-176-4005.jpg,Kids Math Worksheets,04/21/2026 08:38:00 AM
Printable Free 10 Subtraction Math Worksheet For Grade 3 - Part 177 | Printable Practice,Help kids master Subtraction with this printable worksheet for Grade 3. Great for daily math practice.,https://mathworksheetbase.github.io/html/printable-free-10-subtraction-math-worksheet-for-grade-3-part-177-8420.html,https://mathworksheetbase.github.io/images/printable-free-10-subtraction-math-worksheet-for-grade-3-part-177-8420.jpg,Kids Math Worksheets,04/21/2026 11:06:00 AM
5 Times Table Worksheet For Grade 2 - Part 178 | Printable Practice,Printable Times Table worksheet designed for Grade 2 students. Easy and fun math practice.,https://mathworksheetbase.github.io/html/5-times-table-worksheet-for-grade-2-part-178-4080.html,https://mathworksheetbase.github.io/images/5-times-table-worksheet-for-grade-2-part-178-4080.jpg,Kids Math Worksheets,04/21/2026 01:32:00 PM
Printable Tracing Worksheet For Kids - Part 179 | Free Printable,Printable Tracing worksheet designed for Kindergarten students. Easy and fun math practice.,https://mathworksheetbase.github.io/html/printable-tracing-worksheet-for-kids-part-179-1574.html,https://mathworksheetbase.github.io/images/printable-tracing-worksheet-for-kids-part-179-1574.jpg,Elementary Math Activities,04/21/2026 04:34:00 PM
Math Word Problem Worksheet,Fun and engaging Word Problem worksheet for Grade 3. Perfect printable math practice.,https://mathworksheetbase.github.io/html/math-word-problem-worksheet-7479.html,https://mathworksheetbase.github.io/images/math-word-problem-worksheet-7479.jpg,Elementary Math Activities,04/21/2026 08:37:00 PM
Free 20 Addition Math Worksheet For Grade 3 With Answers - Part 181 | Printable Practice,Teachers and parents love this Addition worksheet for Grade 3. Download and print instantly.,https://mathworksheetbase.github.io/html/free-20-addition-math-worksheet-for-grade-3-with-answers-part-181-6217.html,https://mathworksheetbase.github.io/images/free-20-addition-math-worksheet-for-grade-3-with-answers-part-181-6217.jpg,Math Practice Printables,04/22/2026 08:30:00 AM
"Count and Color Apple, Car, Apple Worksheet for Kids",Printable Count and Color worksheet designed for Kindergarten students. Easy and fun math practice.,https://mathworksheetbase.github.io/html/count-and-color-apple-car-apple-worksheet-for-kids-6426.html,https://mathworksheetbase.github.io/images/count-and-color-apple-car-apple-worksheet-for-kids-6426.jpg,Math Practice Printables,04/22/2026 11:03:00 AM
Kindergarten Count The Objects Worksheet - Part 183 | Printable Practice,Printable Counting Objects worksheet designed for Kindergarten students. Easy and fun math practice.,https://mathworksheetbase.github.io/html/kindergarten-count-the-objects-worksheet-part-183-2539.html,https://mathworksheetbase.github.io/images/kindergarten-count-the-objects-worksheet-part-183-2539.jpg,Elementary Math Activities,04/22/2026 01:37:00 PM
Free 14 Division Math Worksheet For Grade 1 With Answers - Part 184 | Printable Practice,Teachers and parents love this Division worksheet for Grade 1. Download and print instantly.,https://mathworksheetbase.github.io/html/free-14-division-math-worksheet-for-grade-1-with-answers-part-184-7758.html,https://mathworksheetbase.github.io/images/free-14-division-math-worksheet-for-grade-1-with-answers-part-184-7758.jpg,Elementary Math Activities,04/22/2026 04:34:00 PM
Challenging Math Quiz for Students (8 Questions),Help kids master Math with this printable worksheet for Math. Great for daily math practice.,https://mathworksheetbase.github.io/html/challenging-math-quiz-for-students-8-questions-7427.html,https://mathworksheetbase.github.io/images/challenging-math-quiz-for-students-8-questions-7427.jpg,Printable Worksheets,04/22/2026 08:31:00 PM
Missing Number Math Worksheet,Teachers and parents love this Missing Number worksheet for Grade 1. Download and print instantly.,https://mathworksheetbase.github.io/html/missing-number-math-worksheet-4847.html,https://mathworksheetbase.github.io/images/missing-number-math-worksheet-4847.jpg,Math Practice Printables,04/23/2026 08:32:00 AM
Mixed Operations Math Worksheet,Help kids master Mixed Operations with this printable worksheet for Grade 3. Great for daily math practice.,https://mathworksheetbase.github.io/html/mixed-operations-math-worksheet-4697.html,https://mathworksheetbase.github.io/images/mixed-operations-math-worksheet-4697.jpg,Math Practice Printables,04/23/2026 11:00:00 AM
Free 19 Multiplication Math Worksheet For Grade 2 - Part 188 | Printable Practice,Fun and engaging Multiplication worksheet for Grade 2. Perfect printable math practice.,https://mathworksheetbase.github.io/html/free-19-multiplication-math-worksheet-for-grade-2-part-188-5297.html,https://mathworksheetbase.github.io/images/free-19-multiplication-math-worksheet-for-grade-2-part-188-5297.jpg,Printable Worksheets,04/23/2026 01:36:00 PM
Free 12 Subtraction Math Worksheet For Grade 2 With Answers - Part 189 | Printable Practice,Teachers and parents love this Subtraction worksheet for Grade 2. Download and print instantly.,https://mathworksheetbase.github.io/html/free-12-subtraction-math-worksheet-for-grade-2-with-answers-part-189-5063.html,https://mathworksheetbase.github.io/images/free-12-subtraction-math-worksheet-for-grade-2-with-answers-part-189-5063.jpg,Printable Worksheets,04/23/2026 04:37:00 PM
Printable 12 Times Table Worksheet For Grade 4 - Part 190 | Printable Practice,Fun and engaging Times Table worksheet for Grade 4. Perfect printable math practice.,https://mathworksheetbase.github.io/html/printable-12-times-table-worksheet-for-grade-4-part-190-7429.html,https://mathworksheetbase.github.io/images/printable-12-times-table-worksheet-for-grade-4-part-190-7429.jpg,Math Practice Printables,04/23/2026 08:35:00 PM
Printable Tracing Worksheet For Kids - Part 191 | Free Printable,Free printable Tracing worksheet for Kindergarten. Perfect for homeschool practice and classroom activities.,https://mathworksheetbase.github.io/html/printable-tracing-worksheet-for-kids-part-191-7378.html,https://mathworksheetbase.github.io/images/printable-tracing-worksheet-for-kids-part-191-7378.jpg,Elementary Math Activities,04/24/2026 08:27:00 AM
Math Word Problem Worksheet,Fun and engaging Word Problem worksheet for Grade 3. Perfect printable math practice.,https://mathworksheetbase.github.io/html/math-word-problem-worksheet-4036.html,https://mathworksheetbase.github.io/images/math-word-problem-worksheet-4036.jpg,Printable Worksheets,04/24/2026 11:00:00 AM
Printable Free 17 Addition Math Worksheet For Grade 1 - Part 193 | Printable Practice,Printable Addition worksheet designed for Grade 1 students. Easy and fun math practice.,https://mathworksheetbase.github.io/html/printable-free-17-addition-math-worksheet-for-grade-1-part-193-2462.html,https://mathworksheetbase.github.io/images/printable-free-17-addition-math-worksheet-for-grade-1-part-193-2462.jpg,Printable Worksheets,04/24/2026 01:25:00 PM
Fun Count and Color Objects Worksheet for Kindergarten,Free printable Count and Color worksheet for Kindergarten. Perfect for homeschool practice and classroom activities.,https://mathworksheetbase.github.io/html/fun-count-and-color-objects-worksheet-for-kindergarten-8278.html,https://mathworksheetbase.github.io/images/fun-count-and-color-objects-worksheet-for-kindergarten-8278.jpg,Kids Math Worksheets,04/24/2026 04:33:00 PM
Learn Counting With Pictures Worksheet (Pre-K) - Part 195 | Printable Practice,Free printable Counting Objects worksheet for Pre-K. Perfect for homeschool practice and classroom activities.,https://mathworksheetbase.github.io/html/learn-counting-with-pictures-worksheet-pre-k-part-195-4999.html,https://mathworksheetbase.github.io/images/learn-counting-with-pictures-worksheet-pre-k-part-195-4999.jpg,Printable Worksheets,04/24/2026 08:29:00 PM
Free 10 Division Math Worksheet For Grade 1 With Answers - Part 196 | Printable Practice,Teachers and parents love this Division worksheet for Grade 1. Download and print instantly.,https://mathworksheetbase.github.io/html/free-10-division-math-worksheet-for-grade-1-with-answers-part-196-8092.html,https://mathworksheetbase.github.io/images/free-10-division-math-worksheet-for-grade-1-with-answers-part-196-8092.jpg,Elementary Math Activities,04/25/2026 08:36:00 AM
Ultimate Math Challenge Worksheet,Fun and engaging Math worksheet for Math. Perfect printable math practice.,https://mathworksheetbase.github.io/html/ultimate-math-challenge-worksheet-9937.html,https://mathworksheetbase.github.io/images/ultimate-math-challenge-worksheet-9937.jpg,Elementary Math Activities,04/25/2026 11:00:00 AM
Missing Number Math Worksheet,Help kids master Missing Number with this printable worksheet for Grade 1. Great for daily math practice.,https://mathworksheetbase.github.io/html/missing-number-math-worksheet-6648.html,https://mathworksheetbase.github.io/images/missing-number-math-worksheet-6648.jpg,Homeschool Math,04/25/2026 01:34:00 PM
Mixed Operations Math Worksheet,Printable Mixed Operations worksheet designed for Grade 3 students. Easy and fun math practice.,https://mathworksheetbase.github.io/html/mixed-operations-math-worksheet-6886.html,https://mathworksheetbase.github.io/images/mixed-operations-math-worksheet-6886.jpg,Math Practice Printables,04/25/2026 04:38:00 PM
Printable Free 24 Multiplication Math Worksheet For Grade 2 - Part 200 | Printable Practice,Help kids master Multiplication with this printable worksheet for Grade 2. Great for daily math practice.,https://mathworksheetbase.github.io/html/printable-free-24-multiplication-math-worksheet-for-grade-2-part-200-7238.html,https://mathworksheetbase.github.io/images/printable-free-24-multiplication-math-worksheet-for-grade-2-part-200-7238.jpg,Homeschool Math,04/25/2026 08:28:00 PM
